0,Godzilla (feat. Juice WRLD),Eminem,0,Curtain Call 2,2022-08-05,1IiOIBsOQrQvcge0HiwF90
1,Lucky You (feat. Joyner Lucas),Eminem,0,Curtain Call 2,2022-08-05,3Rr8Mew8NQSdxKsjkAhIrD
2,Lighters,Eminem,0,Curtain Call 2,2022-08-05,6h5hNqTZRLlcRcFWsK6XhW
3,Gnat,Eminem,0,Curtain Call 2,2022-08-05,5Dl3rpoBEgHKctcUt5SZGC
4,Cinderella Man,Eminem,0,Curtain Call 2,2022-08-05,5eePARgaJdjj41WMgvctZE
5,Walk On Water (feat. Beyoncé),Eminem,0,Curtain Call 2,2022-08-05,4rlus6KXkBaDTxMZshmyrl
6,Rap God,Eminem,0,Curtain Call 2,2022-08-05,14Tuu2CobiHxebbrLgDQ3K
7,Love The Way You Lie (feat. Rihanna),Eminem,0,Curtain Call 2,2022-08-05,6bzuCE27mlZKc9xXljntD6
8,Won't Back Down (feat. P!nk),Eminem,0,Curtain Call 2,2022-08-05,2xNdwhGTRrzhO4ikGQ6Qyy
9,Higher,Eminem,0,Curtain Call 2,2022-08-05,2HCqVEz6R2FWiqoCSATZxC
10,Berzerk,Eminem,0,Curtain Call 2,2022-08-05,5h1DxwV02KWeKHIbUz2Wml
11,Not Afraid,Eminem,0,Curtain Call 2,2022-08-05,6hcWB3v2cx7glirxlZI7a2
12,From The D 2 The LBC (with Snoop Dogg),Eminem,0,Curtain Call 2,2022-08-05,6CPAznSrkDmiPBgLXoi00f
13,Nowhere Fast (feat. Kehlani),Eminem,0,Curtain Call 2,2022-08-05,31mrcJ0tBECurR7v0G9QvC
14,Fall,Eminem,0,Curtain Call 2,2022-08-05,3I8qCQFq4X5OKbD44QIuaC
15,Phenomenal,Eminem,0,Curtain Call 2,2022-08-05,5lyWuTW3zjzc9o9oeiAgrM
16,Fast Lane,Eminem,0,Curtain Call 2,2022-08-05,1KGIQtjrufTLVNC3Cn5l9w
17,You’re Never Over,Eminem,0,Curtain Call 2,2022-08-05,1dOYMayZoOHTRd8W42xHDc
18,3 a.m.,Eminem,0,Curtain Call 2,2022-08-05,3YSWpxmMuPMadjfmgKAFjQ
19,Space Bound,Eminem,0,Curtain Call 2,2022-08-05,7ni7Ippya63YSQN6SLIHaA
20,Beautiful,Eminem,0,Curtain Call 2,2022-08-05,0MmdEq5dpustYFqS4mp3QT
21,The Monster (feat. Rihanna),Eminem,0,Curtain Call 2,2022-08-05,4CpZvP1Q66mXPhA3eWoDKB
22,Venom - Music From The Motion Picture,Eminem,0,Curtain Call 2,2022-08-05,1nAs7HBLtllZrOlQvy6fpa
23,Crack A Bottle (feat. Dr. Dre & 50 Cent),Eminem,0,Curtain Call 2,2022-08-05,0ltIb83VBPvnGDKg7axXej
24,Is This Love ('09) (feat. 50 Cent),Eminem,0,Curtain Call 2,2022-08-05,7rK0iM6jwuo1oizdx8suQA
25,River (feat. Ed Sheeran),Eminem,0,Curtain Call 2,2022-08-05,1wBSLonFSIZvySNhXOjPKm
26,Survival,Eminem,0,Curtain Call 2,2022-08-05,04f6H0kqPC1v2yTWVXa3Y6
27,Best Friend,Eminem,0,Curtain Call 2,2022-08-05,6GIBsRZT9Uv9W07pVJ47Nj
28,Darkness,Eminem,0,Curtain Call 2,2022-08-05,48aI5wAluvSrq55EAR329i
29,Kings Never Die (feat. Gwen Stefani),Eminem,0,Curtain Call 2,2022-08-05,3FLPAAlQNb570TtFQ50RwR
30,No Love (feat. Lil Wayne),Eminem,0,Curtain Call 2,2022-08-05,74lo85x5FUL8Wyc2ur9jAE
31,Headlights (feat. Nate Ruess),Eminem,0,Curtain Call 2,2022-08-05,6hBGIHTjFq48UkjeloBDAs
32,The King and I (feat. CeeLo Green) - From the Original Motion Picture Soundtrack ELVIS,Eminem,0,Curtain Call 2,2022-08-05,12aZLwY2ZTBKZxrEq0MVjw
33,Farewell,Eminem,0,Curtain Call 2,2022-08-05,0KnqKa079nkk6qbWufYar0
34,Rap God - Mr. Cii Remix,Eminem,0,Curtain Call 2,2022-08-05,1p8tL0q77EnKkSFssFsXNu
35,Premonition - Intro,Eminem,0,Music To Be Murdered By,2020-01-17,7ccTcabbJlCJiIqtrSSwBk
36,Unaccommodating (feat. Young M.A),Eminem,0,Music To Be Murdered By,2020-01-17,0q2vG0UVuy6ajjcpkQHdZM
37,"You Gon’ Learn (feat. Royce Da 5'9"" & White Gold)",Eminem,0,Music To Be Murdered By,2020-01-17,0GQ5bFTVFFKpwNPc7KwQnB
38,Alfred - Interlude,Eminem,0,Music To Be Murdered By,2020-01-17,4EmunTy7kNBYQivOa8F6b8
39,Those Kinda Nights (feat. Ed Sheeran),Eminem,0,Music To Be Murdered By,2020-01-17,0VSzREd1OjEWJ9tXoFHRQH
40,In Too Deep,Eminem,0,Music To Be Murdered By,2020-01-17,7Dj2wqPYXfSRFwa6qyOztr
41,Leaving Heaven (feat. Skylar Grey),Eminem,0,Music To Be Murdered By,2020-01-17,5CpsIb7SMFHjmAG8RvIWfq
42,"Yah Yah (feat. Royce Da 5'9"", Black Thought, Q-Tip & Denaun)",Eminem,0,Music To Be Murdered By,2020-01-17,5mZXWEH2eh8zMZGCxT5aW0
43,Stepdad - Intro,Eminem,0,Music To Be Murdered By,2020-01-17,2d3fdQ6OxmUIsF20eCpcrv
44,Stepdad,Eminem,0,Music To Be Murdered By,2020-01-17,3QVHSV8YKYq4L8tI5rnFgj
45,Marsh,Eminem,0,Music To Be Murdered By,2020-01-17,34d7sGX6WUqq8f04e7CSNF
46,Never Love Again,Eminem,0,Music To Be Murdered By,2020-01-17,40YbWniIEmqy6s58fYXLUh
47,Little Engine,Eminem,0,Music To Be Murdered By,2020-01-17,4qNWEOMyexn7b8Icyk29t9
48,Lock It Up (feat. Anderson .Paak),Eminem,0,Music To Be Murdered By,2020-01-17,1qwMkkRiD5jqLeUUjfgblh
49,No Regrets (feat. Don Toliver),Eminem,0,Music To Be Murdered By,2020-01-17,1lO9CZo6eDrOy0S7khgryG
50,"I Will (feat. KXNG Crooked, Royce Da 5'9"" & Joell Ortiz)",Eminem,0,Music To Be Murdered By,2020-01-17,3CJbxqRQ0JNCqboWDNUUeX
51,Alfred - Outro,Eminem,0,Music To Be Murdered By,2020-01-17,1WAwILvz37MkmZfmGnEXfg
52,The Ringer,Eminem,0,Kamikaze,2018-08-31,2jt2WxXMCD4zjACthkJQVE
53,Greatest,Eminem,0,Kamikaze,2018-08-31,2XTquzYQAdT1Hk78bOUwsv
54,Paul - Skit,Eminem,0,Kamikaze,2018-08-31,0Uv5Kp8sEnriJjkX4oLfNI
55,Normal,Eminem,0,Kamikaze,2018-08-31,0evt4UZbdhnHtcAnxkm6A1
56,Em Calls Paul - Skit,Eminem,0,Kamikaze,2018-08-31,6B3zy3LOKHndqsviCr2z15
57,Stepping Stone,Eminem,0,Kamikaze,2018-08-31,60Z57Wdrn0pEVpHI7d7GAX
58,Not Alike (feat. Royce Da 5'9),Eminem,0,Kamikaze,2018-08-31,28FGV3ORH14MYORd7s5dlU
59,Kamikaze,Eminem,0,Kamikaze,2018-08-31,2gsNpSn7VvvJuSrIDfRoYy
60,Nice Guy (with Jessie Reyez),Eminem,0,Kamikaze,2018-08-31,09FfQO3PqHO4HIJL511Ksi
61,Good Guy (feat. Jessie Reyez),Eminem,0,Kamikaze,2018-08-31,4g32MdRoqwGKQd3NXIRhpU
62,Believe,Eminem,0,Revival,2017-12-15,4iTyf5pLZMOR8YrEZgSopo
63,Chloraseptic (feat. Phresher),Eminem,0,Revival,2017-12-15,13aKdwvdGjuZDv2OOKyvs7
64,Untouchable,Eminem,0,Revival,2017-12-15,6IvespQWGW4USXwexlVKDm
65,Remind Me (Intro),Eminem,0,Revival,2017-12-15,2tKJpsRSTxmGAe6TKcstR4
66,Remind Me,Eminem,0,Revival,2017-12-15,5uvwJAheJJEkgu88t3Wqf5
67,Revival (Interlude),Eminem,0,Revival,2017-12-15,74dQwVKuCx6aDI2BQ7xW92
68,Like Home (feat. Alicia Keys),Eminem,0,Revival,2017-12-15,2Ie7pnF3ZKNTde30TQWlWx
69,Bad Husband (feat. X Ambassadors),Eminem,0,Revival,2017-12-15,3GOjD8hwXOxbTF3apTqSqX
70,Tragic Endings (feat. Skylar Grey),Eminem,0,Revival,2017-12-15,3xpTHrC1b6dmiLEeM5jO0z
71,Framed,Eminem,0,Revival,2017-12-15,4UTpObwAYO67yymOoCeXwS
72,Heat,Eminem,0,Revival,2017-12-15,7ntU619k40YVxcRvFNDTNn
73,Offended,Eminem,0,Revival,2017-12-15,6ogACNVtzSJHzqLhzUegaf
74,Need Me (feat. Pink),Eminem,0,Revival,2017-12-15,6B2ERbVUDfIiUNXCWhjzFG
75,In Your Head,Eminem,0,Revival,2017-12-15,5qykEZTHAcplCLrynoLRnN
76,Castle,Eminem,0,Revival,2017-12-15,0lc70Jh2s1iOMuv9XIEhFy
77,Arose,Eminem,0,Revival,2017-12-15,3fYptFSlH8Xs7Uoybytyrm
78,Cold Wind Blows,Eminem,0,Recovery,2010-06-18,3Tj1luJyKPQt7WbrqpJ2Az
79,Talkin’ 2 Myself,Eminem,0,Recovery,2010-06-18,66h8hB4In6t725WtAPL23J
80,On Fire,Eminem,0,Recovery,2010-06-18,6HLZaECJKDjNE0jiGBeqxz
81,Won't Back Down,Eminem,0,Recovery,2010-06-18,7kNlRLC9PEH8nXMVawssMx
82,W.T.P.,Eminem,0,Recovery,2010-06-18,1ne7JVHEPnoncXzQunQVKW
83,Going Through Changes,Eminem,0,Recovery,2010-06-18,0ZqWBTU1EkdVPAMwQgfKiv
84,Seduction,Eminem,0,Recovery,2010-06-18,2V7NoXGv2VDnLeTM7w8SFd
85,No Love,Eminem,0,Recovery,2010-06-18,7bHT9osSq1rwT2yaImzqCi
86,25 To Life,Eminem,0,Recovery,2010-06-18,0dyWQoMOU9oERL6c9vxtRp
87,So Bad,Eminem,0,Recovery,2010-06-18,5Ve4qBYAThGLTOva0hhoTa
88,Almost Famous,Eminem,0,Recovery,2010-06-18,0ANExk8Iu85oqCgk82rG64
89,Love The Way You Lie,Eminem,0,Recovery,2010-06-18,15JINEqzVMv3SvJTAXAKED
90,Untitled,Eminem,0,Recovery,2010-06-18,44ut2KJnt0HQMnUaMlDv9W
91,Dr. West - Skit,Eminem,0,Relapse: Refill,2009-05-15,6KEO499uUuvv65wAfOltod
92,My Mom,Eminem,0,Relapse: Refill,2009-05-15,2ruw2Kq8lgyqwemZik9bUg
93,Insane,Eminem,0,Relapse: Refill,2009-05-15,6x1stxDsnh4ZlEft29uhlR
94,Bagpipes From Baghdad,Eminem,0,Relapse: Refill,2009-05-15,1d5jcRB7Ri9ZA0sFh1Moke
95,Hello,Eminem,0,Relapse: Refill,2009-05-15,7wuY9kPzREAC9OR7KScoli
96,Tonya - Skit,Eminem,0,Relapse: Refill,2009-05-15,1meOg8wHrLsxqD4mwW2YM2
97,Same Song & Dance,Eminem,0,Relapse: Refill,2009-05-15,1NcKKXrDTdCMaiVJkEknqr
98,We Made You,Eminem,0,Relapse: Refill,2009-05-15,4UMTp91LHhvW33ol9ZQH0Q
99,Medicine Ball,Eminem,0,Relapse: Refill,2009-05-15,2cgZkUVmNJeJZFLEAyh5Qj
100,Stay Wide Awake,Eminem,0,Relapse: Refill,2009-05-15,36YlVLEV1f2qredBFj8o2y
101,Old Time's Sake,Eminem,0,Relapse: Refill,2009-05-15,5j6ODxGVhAWeCS49bBKuxz
102,Must Be The Ganja,Eminem,0,Relapse: Refill,2009-05-15,5PVv4YALJruehQKyAlwjfE
103,Mr. Mathers - Skit,Eminem,0,Relapse: Refill,2009-05-15,3LLEtMyr9j3evyA9xr8WzL
104,Deja Vu,Eminem,0,Relapse: Refill,2009-05-15,0FDjc7fIiK29BWH45Ka7Vp
105,Crack A Bottle,Eminem,0,Relapse: Refill,2009-05-15,4dK00wCxlqWEeN8BoM1BHT
106,Steve Berman - Skit,Eminem,0,Relapse: Refill,2009-05-15,3EJr3SxeW73TN03mJXdCqG
107,Underground,Eminem,0,Relapse: Refill,2009-05-15,4jpi8FljkAwKFb4ljWuar6
108,Forever,Eminem,0,Relapse: Refill,2009-05-15,5UsLjwBaTHBX4ektWIr4XX
109,Hell Breaks Loose,Eminem,0,Relapse: Refill,2009-05-15,0FXfAepEmqVCMnvOpb8Hoj
110,Buffalo Bill,Eminem,0,Relapse: Refill,2009-05-15,3lSQAn6cmWfYfwuTJry44m
111,Elevator,Eminem,0,Relapse: Refill,2009-05-15,26rUU3JZ9JB9OkEuG9mb3e
112,Taking My Ball,Eminem,0,Relapse: Refill,2009-05-15,3uO4rUJSyoyeh16KkVdxHy
113,Music Box,Eminem,0,Relapse: Refill,2009-05-15,1PokNDiTBQZgXci6rn2BVE
114,Drop The Bomb On 'Em,Eminem,0,Relapse: Refill,2009-05-15,4KxiDMQBLiHZ0efSyvVsKc
115,My Darling,Eminem,0,Relapse: Refill,2009-05-15,30kY0saQlvZ6tAJWhlDf6h
116,Careful What You Wish For,Eminem,0,Relapse: Refill,2009-05-15,4R2ibsoF3A9Tv64DjEfyj9
117,Curtains Up - Skit,Eminem,0,The Eminem Show,2002-05-26,0ttF21hZCPw2merE3GsHcP
118,White America,Eminem,0,The Eminem Show,2002-05-26,15qrWkkYCfmtu1uRpGf48L
119,Business,Eminem,0,The Eminem Show,2002-05-26,0x60P5taxdI5pcGbqbap6S
120,Cleanin' Out My Closet,Eminem,0,The Eminem Show,2002-05-26,7BMO7O7ImjV8HNTH74Tshv
121,Square Dance,Eminem,0,The Eminem Show,2002-05-26,27mgDrExPa3obPAYXd3yQg
122,The Kiss - Skit,Eminem,0,The Eminem Show,2002-05-26,2J3CYFUn6eAuHz5S9IKape
123,Soldier,Eminem,0,The Eminem Show,2002-05-26,5QD28FqaM3jTfsqWwvRZwv
124,Say Goodbye Hollywood,Eminem,0,The Eminem Show,2002-05-26,288e3FhmVuCqPmNEfAH0h6
125,Drips,Eminem,0,The Eminem Show,2002-05-26,7io19rjxOFu3pGuZgBI6Pk
126,Without Me,Eminem,0,The Eminem Show,2002-05-26,7lQ8MOhq6IN2w8EYcFNSUk
127,Paul Rosenberg - Skit,Eminem,0,The Eminem Show,2002-05-26,0EgkVzDidmq4MP57jZFeik
128,Sing For The Moment,Eminem,0,The Eminem Show,2002-05-26,3CpoeW0cZSDzIRv5z34F87
129,Superman,Eminem,0,The Eminem Show,2002-05-26,4woTEX1wYOTGDqNXuavlRC
130,Hailie's Song,Eminem,0,The Eminem Show,2002-05-26,6Db8IlZ7YY1pfIjJllejyH
131,When The Music Stops,Eminem,0,The Eminem Show,2002-05-26,73qINA7ccO03wxD8nsJalr
132,Say What You Say,Eminem,0,The Eminem Show,2002-05-26,4EQkcrSLF3QdlwNca7sMXY
133,Till I Collapse,Eminem,0,The Eminem Show,2002-05-26,4xkOaSrkexMciUUogZKVTS
134,My Dad's Gone Crazy,Eminem,0,The Eminem Show,2002-05-26,3F14hbIqy1JKKLTb1mzdYV
135,Curtains Close,Eminem,0,The Eminem Show,2002-05-26,51LeDAMy6nWqKdjVo7jK4j
136,The Real Slim Shady - Instrumental,Eminem,0,The Marshall Mathers LP,2001-08-20,0hfBRQVuRT2R8KDwjjir1q
137,The Way I Am - Instrumental,Eminem,0,The Marshall Mathers LP,2001-08-20,1Uafb2YJLkbivgY3PlJlXp
138,Stan - Instrumental,Eminem,0,The Marshall Mathers LP,2001-08-20,4tME51EiaLJvxGZExXRdRX
139,The Kids,Eminem,0,The Marshall Mathers LP,2001-08-20,3LZOfhvPNSkRYWFTTSxMvr
140,The Way I Am - Danny Lohner Remix Version,Eminem,0,The Marshall Mathers LP,2001-08-20,0dWgyJ2naIXzHsw4ze6TYp
141,Public Service Announcement 2000,Eminem,0,The Marshall Mathers LP,2001-08-20,3Murbrz96zx9ngEmlN0bGu
142,Kill You,Eminem,0,The Marshall Mathers LP,2001-08-20,55tyosB2p2BRx1yEGG0V80
143,Stan,Eminem,0,The Marshall Mathers LP,2001-08-20,0AhrTX6TszxuoDjfOSprlz
144,Who Knew,Eminem,0,The Marshall Mathers LP,2001-08-20,7fXPWrFoxtEGnoxu67ZjQa
145,Steve Berman,Eminem,0,The Marshall Mathers LP,2001-08-20,5mgTRXPQquTqhRcBZiQXVg
146,The Way I Am,Eminem,0,The Marshall Mathers LP,2001-08-20,43cgG8MwilYEmsYvqom2bJ
147,The Real Slim Shady,Eminem,0,The Marshall Mathers LP,2001-08-20,5EvF8OdvwB2CQy9Un7eiiI
148,Remember Me?,Eminem,0,The Marshall Mathers LP,2001-08-20,5qrlwNK6VkPcCviRWOYVFv
149,I'm Back,Eminem,0,The Marshall Mathers LP,2001-08-20,23pOXfm1f8MYAYdZ5fWqqd
150,Marshall Mathers,Eminem,0,The Marshall Mathers LP,2001-08-20,7n9XPcL4sfqqNNcsNgi1a8
151,Ken Kaniff - Skit,Eminem,0,The Marshall Mathers LP,2001-08-20,7bOavTG3jFHZ9ppyGfdz6O
152,Drug Ballad,Eminem,0,The Marshall Mathers LP,2001-08-20,3IUmCs4zwUffG01G7F7iQx
153,Amityville,Eminem,0,The Marshall Mathers LP,2001-08-20,2zUxeDhvav0P5aNIrKT3yr
154,Bitch Please II,Eminem,0,The Marshall Mathers LP,2001-08-20,0NWtAf6HtnfA5KFCaX6Wtz
155,Kim,Eminem,0,The Marshall Mathers LP,2001-08-20,42mXfrjYc29YYIRUjtwuao
156,Under The Influence,Eminem,0,The Marshall Mathers LP,2001-08-20,4NpIbjh8rOLs4sRTCGUHAM
157,Criminal,Eminem,0,The Marshall Mathers LP,2001-08-20,5OxgFpiGktT1kMQxwGa870
158,Public Service Announcement,Eminem,0,The Slim Shady LP,1999-02-23,3GhcNCBIEMyrcpCJ8ccvXr
159,My Name Is,Eminem,0,The Slim Shady LP,1999-02-23,75IN3CtuZwTHTnZvYM4qnJ
160,Guilty Conscience,Eminem,0,The Slim Shady LP,1999-02-23,6da04YB906XonC6IQNC44u
161,Brain Damage,Eminem,0,The Slim Shady LP,1999-02-23,099MPsZhn5HkEUNlpA89rK
162,If I Had,Eminem,0,The Slim Shady LP,1999-02-23,4Q7UkPYq3NGTwhAMjfeE4a
163,'97 Bonnie & Clyde,Eminem,0,The Slim Shady LP,1999-02-23,6PJiaxg1lFSJFdMJrW7avo
164,Bitch - Skit,Eminem,0,The Slim Shady LP,1999-02-23,5OsBkrdyDlnDZ5siaAOtVt
165,Role Model,Eminem,0,The Slim Shady LP,1999-02-23,0EtirusGt3LivUmALXSMVe
166,Lounge - Skit,Eminem,0,The Slim Shady LP,1999-02-23,1LoEersiNbdCJv96e8KjNk
167,My Fault,Eminem,0,The Slim Shady LP,1999-02-23,3CNbDbMHxYHxEgrPGf89yc
168,Cum On Everybody,Eminem,0,The Slim Shady LP,1999-02-23,6uXX9OgGchFrr2bq8RgIg6
169,Rock Bottom,Eminem,0,The Slim Shady LP,1999-02-23,3guazByz82uD2zHf8q7As1
170,Just Don't Give A Fuck,Eminem,0,The Slim Shady LP,1999-02-23,2MEvYNn2tRvFDAucAtAKVq
171,Soap - Skit,Eminem,0,The Slim Shady LP,1999-02-23,2aXwXcdR1aGCYesbEr2DgV
172,As The World Turns,Eminem,0,The Slim Shady LP,1999-02-23,0TBzphxYIeDLP9DAJUSUbP
173,I'm Shady,Eminem,0,The Slim Shady LP,1999-02-23,3j3XiRDNkaUfINMB99hphS
174,Bad Meets Evil,Eminem,0,The Slim Shady LP,1999-02-23,7kQ0miyexmevMwUDqTomIN
175,Still Don't Give A Fuck,Eminem,0,The Slim Shady LP,1999-02-23,1F4lm7DxvpNvXfT3cGuJCb
